rang_playlist,date,vues,fiche_suggeree,texte,statut,lien
1,2025-02-20,1921,,#cejour-là,,https://www.tiktok.com/@seggfaye/video/7473382994393304342
2,2025-02-16,1289,produits/pack-saloum.html,#packguej #packsaloum #packFouta,,https://www.tiktok.com/@seggfaye/video/7472068725294828822
3,2025-02-06,3025,produits/pack-saloum.html,#packguej #packsaloum #packFouta,,https://www.tiktok.com/@seggfaye/video/7468255112171982102
4,2025-04-25,1837,,#mbaxalousaloum,,https://www.tiktok.com/@seggfaye/video/7497207597221547266
5,2025-04-18,1343,,#ngalakh,,https://www.tiktok.com/@seggfaye/video/7494574158114835734
6,2025-04-16,4832,,#ngalakh,,https://www.tiktok.com/@seggfaye/video/7493830281523203350
7,2025-04-10,1467,,duo #maad #packFouta,,https://www.tiktok.com/@seggfaye/video/7491731399351799042
8,2025-02-28,1567,,,,https://www.tiktok.com/@seggfaye/video/7476496214184316182
9,2025-01-28,3111,,LIVE highlights africanfood,,https://www.tiktok.com/@seggfaye/video/7464951277307366679
10,2024-11-30,,produits/pack-saloum.html,LIVE #packgueji #packcbon #packsaloum,,https://www.tiktok.com/@seggfaye/video/7443111240127335712
11,2024-02-20,3619,produits/crevettes-sechees.html,driedshrimps driedfood,,https://www.tiktok.com/@seggfaye/video/7337708335195589921
12,2023-12-08,4319,,plantesmedicinales,,https://www.tiktok.com/@seggfaye/video/7310307949698649376
13,2023-12-09,5961,,driedfood,,https://www.tiktok.com/@seggfaye/video/7310478436500294944
14,2023-11-16,,,Louma SOUM expédition Europe Mondial Relay,,https://www.tiktok.com/@seggfaye/video/7302146364870249761
15,2025-04-01,2550,,LIVE #maad #packFouta,,https://www.tiktok.com/@seggfaye/video/7488354985575566614
16,2025-02-25,1462,,,,https://www.tiktok.com/@seggfaye/video/7475259577437670678
17,2025-01-23,2925,produits/crevettes-sechees.html,driedfish driedshrimps packsaloum,,https://www.tiktok.com/@seggfaye/video/7463083748678978838
18,2024-10-10,1783,,scandinavia stockholm,,https://www.tiktok.com/@seggfaye/video/7424074580639108384
19,2024-10-03,,produits/pack-saloum.html,packsaloum norway danmark suede,,https://www.tiktok.com/@seggfaye/video/7421377188005481760
20,2024-12-31,6550,produits/guej-yass.html,LIVE packgueji packcbon packsaloum dryfish guejiyass,,https://www.tiktok.com/@seggfaye/video/7454455664333688086
21,2024-10-28,,,LIVEFest2024 scandinavia,,https://www.tiktok.com/@seggfaye/video/7430786383578418464
22,2024-10-27,,,LIVEFest2024 scandinavia,,https://www.tiktok.com/@seggfaye/video/7430521117565095201
23,2025-04-10,2008,,#packFouta #diwnior #packcbon,,https://www.tiktok.com/@seggfaye/video/7491725000135724310
24,2025-03-24,2187,produits/guej-beurre.html,#Guejbeurrecasamance #packFouta #packsaloum #packcbon,,https://www.tiktok.com/@seggfaye/video/7485311831939042582
25,2025-02-23,913,produits/pack-saloum.html,#packFouta #packsaloum,,https://www.tiktok.com/@seggfaye/video/7474563180946083094
26,2024-10-26,,,LIVEFest2024 scandinavia,,https://www.tiktok.com/@seggfaye/video/7429956424018496801
27,2023-12-08,2716,,africanfood,,https://www.tiktok.com/@seggfaye/video/7310307152831270176
28,2023-11-28,1705,,#milesdevis #serere,,https://www.tiktok.com/@seggfaye/video/7306485306121915680
29,2025-05-21,1761,,,,https://www.tiktok.com/@seggfaye/video/7506816111711718678
30,2025-02-26,1904,produits/pack-saloum.html,#packFouta #foundiougne #packsaloum #ndiambanedakkar,,https://www.tiktok.com/@seggfaye/video/7475751209371208983
31,2025-04-07,2180,,#packFouta cookie,,https://www.tiktok.com/@seggfaye/video/7490482623156997398
32,2024-10-11,,,scandinavia ara,,https://www.tiktok.com/@seggfaye/video/7424529447920962848
33,2024-08-03,,,Olympics cooking,,https://www.tiktok.com/@seggfaye/video/7398870687219338528
34,2023-12-07,2046,,driedmollusk,,https://www.tiktok.com/@seggfaye/video/7309904824701570337
35,2025-02-26,,produits/pack-saloum.html,#packFouta #foundiougne #packsaloum,,https://www.tiktok.com/@seggfaye/video/7475648788028198166
36,2025-02-16,1314,produits/pack-saloum.html,#packguej #packsaloum #packFouta,,https://www.tiktok.com/@seggfaye/video/7472071666743495958
37,2024-10-29,,,LIVEFest2024 scandinavia,,https://www.tiktok.com/@seggfaye/video/7431197378754923808
38,2024-02-14,6397,,fierdetreserere driedfood,,https://www.tiktok.com/@seggfaye/video/7335427977456471328
39,2024-02-16,17900,produits/crevettes-sechees.html,"driedshrimps GROS HIT 17,9K",,https://www.tiktok.com/@seggfaye/video/7336168246321745184
40,2023-12-14,5253,produits/pack-saloum.html,PACK SALOUM présentation,,https://www.tiktok.com/@seggfaye/video/7312541938811489569
41,2023-12-05,3227,produits/crevettes-sechees.html,driedshrimp,,https://www.tiktok.com/@seggfaye/video/7309177304217963809
42,2025-05-18,1536,produits/pack-saloum.html,#packsaloum,,https://www.tiktok.com/@seggfaye/video/7505742635529817366
43,2025-05-07,2899,,,,https://www.tiktok.com/@seggfaye/video/7501621192344866070
44,2025-03-10,8019,produits/kongfume.html,#kongfumergambie #packsaloum 8K vues,,https://www.tiktok.com/@seggfaye/video/7480100485802888471
45,2025-02-25,2498,produits/netetu-poudre.html,#soumbala #packFouta #packsaloum,,https://www.tiktok.com/@seggfaye/video/7475370688954518806
46,2024-09-26,,produits/crevettes-sechees.html,packsaloum driedshrimps norway,,https://www.tiktok.com/@seggfaye/video/7418936158287121696
47,2023-12-08,2635,produits/crevettes-sechees.html,driedshrimp driedfoodmollusk,,https://www.tiktok.com/@seggfaye/video/7310156295045254433
48,2025-05-13,3509,produits/pack-saloum.html,#packsaloum,,https://www.tiktok.com/@seggfaye/video/7503914675310972182
49,2025-03-09,2702,,#cejour-là,,https://www.tiktok.com/@seggfaye/video/7479778337313934614
50,2025-02-09,1472,,,,https://www.tiktok.com/@seggfaye/video/7469504511506156822
51,2024-07-06,4676,produits/crevettes-sechees.html,soumbala driedshrimps,,https://www.tiktok.com/@seggfaye/video/7388512842934242593
52,2024-02-10,6737,produits/crevettes-sechees.html,fierdetreserere driedshrimps,,https://www.tiktok.com/@seggfaye/video/7334064132708142368
53,2025-03-22,2320,produits/pack-saloum.html,#maad LIVE #packFouta #packsaloum,,https://www.tiktok.com/@seggfaye/video/7484776795653344534
54,2024-10-16,,,scandinavia ara,,https://www.tiktok.com/@seggfaye/video/7426479319997779232
55,2024-02-16,3844,,driedfood,,https://www.tiktok.com/@seggfaye/video/7336167345259367712
56,2023-12-07,2287,,driedmollusk,,https://www.tiktok.com/@seggfaye/video/7309930736289631520
57,2024-02-16,3816,produits/crevettes-sechees.html,driedfood driedshrimps,,https://www.tiktok.com/@seggfaye/video/7336166606587874592
58,2024-02-09,3485,,fierdetreserere driedfood,,https://www.tiktok.com/@seggfaye/video/7333531428795256096
59,2024-02-09,4747,,fierdetreserere driedfood,,https://www.tiktok.com/@seggfaye/video/7333530580769836320
60,2025-05-22,1463,,,,https://www.tiktok.com/@seggfaye/video/7507224263493995798
61,2025-01-27,2100,,LIVE driedfish,,https://www.tiktok.com/@seggfaye/video/7464526274736786710
62,2025-01-15,1500,produits/netetu-poudre.html,LIVE humour #soumbala #packguej,,https://www.tiktok.com/@seggfaye/video/7460025156455435542
63,2024-07-04,11600,produits/crevettes-sechees.html,"soumbala driedshrimps GROS HIT 11,6K",,https://www.tiktok.com/@seggfaye/video/7387730344222428448
64,2024-07-04,5553,produits/crevettes-sechees.html,crevette soumbala,,https://www.tiktok.com/@seggfaye/video/7387727489667255584
65,2023-11-18,1338,,Louma soum contact WhatsApp,,https://www.tiktok.com/@seggfaye/video/7302882021649468704
66,2025-05-02,116300,,"mbaxalousaloum MEGA HIT 116,3K",,https://www.tiktok.com/@seggfaye/video/7499822393574116630
67,2025-03-14,10600,produits/pack-saloum.html,"#packFouta #diwnior #packsaloum #packcbon GROS HIT 10,6K",,https://www.tiktok.com/@seggfaye/video/7481649910958361878
68,2024-02-16,10000,,driedfoodmollusk GROS HIT 10K,,https://www.tiktok.com/@seggfaye/video/7336169349255843104
69,2023-12-07,2289,,driedfish,,https://www.tiktok.com/@seggfaye/video/7309879788259249440
70,2025-05-23,2084,,#serere,,https://www.tiktok.com/@seggfaye/video/7507542270342614294
71,2024-08-04,,,Olympics driedfood,,https://www.tiktok.com/@seggfaye/video/7399272636968078624
72,2024-07-04,7317,produits/crevettes-sechees.html,"crevette huitres 7,3K",,https://www.tiktok.com/@seggfaye/video/7387728166518869281
73,2024-03-09,5917,,driedfood,,https://www.tiktok.com/@seggfaye/video/7344460796367293729
74,2025-03-26,2301,produits/bouye-baobab.html,#bouye #packFouta #packsaloum #packcbon,,https://www.tiktok.com/@seggfaye/video/7485998442444000534
75,2024-10-03,,produits/pack-saloum.html,packsaloum norway,,https://www.tiktok.com/@seggfaye/video/7421670710721957152
76,2024-01-23,3011,,fierdetreserere,,https://www.tiktok.com/@seggfaye/video/7327385045629521185
77,2023-12-12,3521,,driedfish,,https://www.tiktok.com/@seggfaye/video/7311636970952838433
78,2023-11-25,1645,,#serere,,https://www.tiktok.com/@seggfaye/video/7305475448555719968
79,2023-12-08,4146,,plantesmedicinales,,https://www.tiktok.com/@seggfaye/video/7310308916842269984
80,2024-12-25,2221,produits/pack-saloum.html,LIVE packgueji packcbon packsaloum,,https://www.tiktok.com/@seggfaye/video/7452353233365798166
81,2024-11-24,,,LIVE packgueji packcbon,,https://www.tiktok.com/@seggfaye/video/7440741746545347872
82,2024-11-17,1143,produits/pack-saloum.html,LIVE packgueji packcbon packsaloum,,https://www.tiktok.com/@seggfaye/video/7438123659048373537
83,2024-10-05,,produits/pack-saloum.html,ara packsaloum norway,,https://www.tiktok.com/@seggfaye/video/7422217321869053216
84,2024-01-31,3471,produits/crevettes-sechees.html,driedshrimps,,https://www.tiktok.com/@seggfaye/video/7330333813656096032
85,2024-10-05,,produits/pack-saloum.html,ara packsaloum norway,,https://www.tiktok.com/@seggfaye/video/7422302807543319841
86,2024-02-14,6743,,driedfood,,https://www.tiktok.com/@seggfaye/video/7335427354199674145
87,2023-12-09,3810,,driedfoood baa,,https://www.tiktok.com/@seggfaye/video/7310650727515442464
88,2025-04-12,1513,produits/pack-saloum.html,#ngalakh #packFouta #packcbon #packsaloum,,https://www.tiktok.com/@seggfaye/video/7492363981932301590
89,2025-03-09,4660,produits/kongfume.html,#kongfumergambie #packsaloum,,https://www.tiktok.com/@seggfaye/video/7479778219751689494
90,2024-12-25,1336,,,,https://www.tiktok.com/@seggfaye/video/7452395980013473046
91,2024-11-29,,produits/pack-saloum.html,LIVE packgueji packcbon packsaloum,,https://www.tiktok.com/@seggfaye/video/7442589792094686497
92,2024-11-24,,produits/netetu-poudre.html,LIVE packgueji packcbon packsaloum netetupoudre,,https://www.tiktok.com/@seggfaye/video/7440822230524742944
93,2023-12-08,2909,produits/crevettes-sechees.html,driedshrimp driedfoodmollusk,,https://www.tiktok.com/@seggfaye/video/7310104913801956640
94,2023-12-03,1906,,LOUMA SOUM,,https://www.tiktok.com/@seggfaye/video/7308465367007972640
95,2025-05-08,2433,produits/pack-saloum.html,duo diola #packsaloum,,https://www.tiktok.com/@seggfaye/video/7502012807517424918
96,2024-12-05,,,LIVE packgueji,,https://www.tiktok.com/@seggfaye/video/7444816609207651606
97,2023-11-26,2164,,#serere #milesdevis,,https://www.tiktok.com/@seggfaye/video/7305777720154148129
98,2025-05-23,1785,produits/pack-saloum.html,duo diola #venteenligne #packsaloum,,https://www.tiktok.com/@seggfaye/video/7507603263072603414
99,2025-06-08,3130,produits/pack-saloum.html,#lakhas #packsaloum,,https://www.tiktok.com/@seggfaye/video/7513518506789391638
100,2025-06-01,4007,produits/netetu-poudre.html,duo AgroLabDecouvre #Science #netetu #packsaloum,,https://www.tiktok.com/@seggfaye/video/7510945543120522518
101,2025-06-16,2866,,#venteenligne,,https://www.tiktok.com/@seggfaye/video/7516454719728995606
102,2025-06-14,2350,,#mad cooking,,https://www.tiktok.com/@seggfaye/video/7515772245264977174
103,2025-06-12,2104,produits/pack-saloum.html,#packsaloum #packFouta,,https://www.tiktok.com/@seggfaye/video/7514963948194499862
104,2025-07-29,3358,produits/guej-toumboulan.html,GUEJ TUMBULAN #tumbulan #packsaloum,intégré guej-toumboulan 16/06/2026,https://www.tiktok.com/@seggfaye/video/7532436303724449046
105,2025-07-28,1664,produits/pack-saloum.html,#packsaloum #casamance #packFouta,,https://www.tiktok.com/@seggfaye/video/7532025564551482646
106,2025-07-24,2555,produits/kongfume.html,#kongfumé #casamance,,https://www.tiktok.com/@seggfaye/video/7530679574481390870
107,2025-09-12,3606,produits/bissap-rouge.html,#bissap,,https://www.tiktok.com/@seggfaye/video/7549132174205652246
108,2025-09-10,930,produits/pack-saloum.html,#packsaloum,,https://www.tiktok.com/@seggfaye/video/7548397923143372054
109,2025-09-09,963,produits/pack-saloum.html,#packsaloum,,https://www.tiktok.com/@seggfaye/video/7547990785770163478
110,2025-08-30,2278,produits/beugeuc-feuille-bissap.html,#beugeuc,,https://www.tiktok.com/@seggfaye/video/7544343540025855234
111,2025-12-27,259,,African food talks to me,,https://www.tiktok.com/@seggfaye/video/7588454810702138646
112,2026-01-20,314900,produits/yeet-maggi.html,"Faire connaître Le Yett sortie tout droit de la mer MEGA HIT 314,9K",fiche yeet-maggi 12/06/2026,https://www.tiktok.com/@seggfaye/video/7597395888658484502
113,2026-01-19,2693,produits/guej-yass.html,Guedj Yass famille des poissons séchés du nord,intégré guej-yass 16/06/2026,https://www.tiktok.com/@seggfaye/video/7597207431088852246
114,2026-01-19,7069,produits/yeet-maggi.html,Le Yett & les guedj l'âme cachée du Sénégal 7K,intégré blog guedj-ou-yeet 16/06/2026,https://www.tiktok.com/@seggfaye/video/7597150014762192150
115,2026-01-18,799,,Le travail nous apprend,,https://www.tiktok.com/@seggfaye/video/7596726897866968343
116,2026-01-18,1907,,Scoprire il riso famosissimo della Casamance NIANKATANG DIOLA,,https://www.tiktok.com/@seggfaye/video/7596656005157621014
117,2026-01-17,,produits/netetu-poudre.html,Cookie Netetou recette transmise de génération en génération soumbala,,https://www.tiktok.com/@seggfaye/video/7596408652534156566
118,2026-01-17,916,produits/bouye-baobab.html,Smoothie atomique KAKI + POUDRE DE BAOBAB,,https://www.tiktok.com/@seggfaye/video/7596291864576232726
119,2026-01-16,770,produits/kongfume.html,dîner saumon fumé vs poisson chat enfumé KongFume,,https://www.tiktok.com/@seggfaye/video/7596036625147399447
120,2026-01-15,1882,,PARTIE 1 cookie beurre 2 sucres,,https://www.tiktok.com/@seggfaye/video/7595667230596189443
121,2026-01-15,,produits/crevettes-sechees.html,Faire la poudre de crevettes séchées chez toi,,https://www.tiktok.com/@seggfaye/video/7595495117943868694
122,2026-01-14,584,,La PATIENCE force intérieure,,https://www.tiktok.com/@seggfaye/video/7595293843793169686
123,2026-01-14,3560,produits/yeet-maggi.html,Découverte fruit peu connu YEET,,https://www.tiktok.com/@seggfaye/video/7595154882768702742
124,2026-01-13,,,Astuce réhydrater fruits de mer séchés,,https://www.tiktok.com/@seggfaye/video/7594763257089412374
125,2026-01-13,,,Recette Niankatang Diola facile et rapide,,https://www.tiktok.com/@seggfaye/video/7594756463168392470
126,2026-01-12,,produits/yeet-maggi.html,Recette Thiebou Yaap Saloum Viande Yett Toufa,,https://www.tiktok.com/@seggfaye/video/7594428669507013910
127,2026-01-11,,,Le son du mortier ancêtre du mixeur,,https://www.tiktok.com/@seggfaye/video/7594083342820052246
128,2026-01-10,,,Mayonnaise maison œufs poulailler,,https://www.tiktok.com/@seggfaye/video/7593809966742392067
129,2026-01-10,,,Omelette tomate beurre clarifié,,https://www.tiktok.com/@seggfaye/video/7593779053044190486
130,2026-01-09,,,Le poisson séché tradition depuis l'antiquité au Sénégal,,https://www.tiktok.com/@seggfaye/video/7593438812152286486
131,2026-01-05,,,Unlock Amazing Flavor 3 dry sea food utilisation optimale,,https://www.tiktok.com/@seggfaye/video/7591824584626703638
132,2026-01-04,595,,challenge MJ humour,,https://www.tiktok.com/@seggfaye/video/7591603552439553302
133,2026-01-04,843,,saveurs authentiques fruits de mer séchés,,https://www.tiktok.com/@seggfaye/video/7591484292438560022
134,2026-01-03,1775,,Vinaigrette de Salade NDIAMBANE DAKKAR tamarin,,https://www.tiktok.com/@seggfaye/video/7591115480312581398
135,2026-01-02,654,,Mayonnaise crémeuse 2 minutes,,https://www.tiktok.com/@seggfaye/video/7590902708391988502
136,2026-01-02,782,,Pain Retrouvé anti-gaspillage,,https://www.tiktok.com/@seggfaye/video/7590697135813790998
137,2025-12-31,4932,produits/guej-beurre.html,"Tradition sénégalaise passeport Guedji Beurre 4,9K",intégré guej-beurre 16/06/2026,https://www.tiktok.com/@seggfaye/video/7589990423691578646
138,2025-12-30,609,produits/bouye-baobab.html,Dessert Kaki & Poudre de baobab sans sucre,,https://www.tiktok.com/@seggfaye/video/7589792035826191638
139,2025-12-30,1069,,VERMICELLES VS FOUTOU,,https://www.tiktok.com/@seggfaye/video/7589722102538702102
140,2025-12-29,690,,FIVE seafood cooking star,,https://www.tiktok.com/@seggfaye/video/7589331047796477206
141,2025-12-28,1885,produits/bouye-baobab.html,Secret rich traditional dessert baobab THIAKRI,,https://www.tiktok.com/@seggfaye/video/7589044200495156502
142,2025-12-27,3227,,Astuce cuire vermicelles 10mn,,https://www.tiktok.com/@seggfaye/video/7588689563736952086
143,2025-12-27,932,produits/crevettes-sechees.html,crevettesechees emotionaleating,,https://www.tiktok.com/@seggfaye/video/7588351780426108182
144,2025-12-26,2086,produits/guerte-noflay.html,Riz au lait de poudre d'arachide,,https://www.tiktok.com/@seggfaye/video/7588301246704995606
145,2025-12-25,692,,Hommage Al Khalifa ABABACAR,,https://www.tiktok.com/@seggfaye/video/7587910774882880771
146,2025-12-25,4408,,"Couscous sénégalais CIERE LALO 4,4K",,https://www.tiktok.com/@seggfaye/video/7587790983803178262
147,2025-12-24,850,produits/yoxos.html,Les 5 condiments secs tufa Yoxos cipax pagne yey,,https://www.tiktok.com/@seggfaye/video/7587548156372552982
148,2025-12-24,1788,produits/bissap-rouge.html,Bissap wex oseille guinée blanche [UTILISÉ guide bissap],déjà utilisé,https://www.tiktok.com/@seggfaye/video/7587337753306598678
149,2025-12-23,970,,Condensé2025,,https://www.tiktok.com/@seggfaye/video/7587113724801027350
150,2025-12-22,2082,,Diwnior Beurre Clarifié,,https://www.tiktok.com/@seggfaye/video/7586708683078389014
151,2025-12-21,4065,,Riz au lait du Saloum SOMBI GUERTÉ 4K,,https://www.tiktok.com/@seggfaye/video/7586304602853641494
152,2025-12-20,6169,produits/crevettes-sechees.html,"Crevettes séchées VS Bouillons 6,2K",fiche crevettes-sechees 13/06/2026,https://www.tiktok.com/@seggfaye/video/7586007483043368214
153,2025-12-19,6516,produits/guerte-noflay.html,"Faire la poudre d'arachide Guerte Noflay 6,5K",,https://www.tiktok.com/@seggfaye/video/7585709263490714902
154,2025-12-18,1219,produits/pack-saloum.html,PACK XXL ROSE,,https://www.tiktok.com/@seggfaye/video/7585322447960919318
155,2025-12-18,3650,produits/yoxos.html,"Les huîtres du Sénégal 3,6K",,https://www.tiktok.com/@seggfaye/video/7585139713363741974
156,2025-12-17,2331,produits/crevettes-sechees.html,PROTÉINE DANS CREVETTE SÉCHÉE,,https://www.tiktok.com/@seggfaye/video/7584789300655459606
157,2025-12-15,1598,,Les 5 fruits de mer,,https://www.tiktok.com/@seggfaye/video/7584134365324676375
158,2025-12-15,861,,Différents types de condiments halieutiques,,https://www.tiktok.com/@seggfaye/video/7584130395139083542
159,2025-12-15,1042,,Le Jeu concours,,https://www.tiktok.com/@seggfaye/video/7584002991410154774
160,2025-12-14,799,produits/yeet-maggi.html,YETT MAGGI mollusque de mer,,https://www.tiktok.com/@seggfaye/video/7583670588518960406
161,2025-12-13,321,produits/yeet-maggi.html,Yettou Maggi mollusque de mer,,https://www.tiktok.com/@seggfaye/video/7583418762905259286
162,2025-12-08,24400,produits/netetu-poudre.html,"SAUCE NETETOU CONDIMENTS OUEST AFRICAIN GROS HIT 24,4K",fiche sauce-netetu-beugeuc 13/06/2026,https://www.tiktok.com/@seggfaye/video/7581473050948898070
163,2025-12-07,134,,duo packfouta,,https://www.tiktok.com/@seggfaye/video/7581235247904247062
164,2025-12-06,640,produits/yeet-maggi.html,YETTU MAGGI,,https://www.tiktok.com/@seggfaye/video/7580842697053850902
165,2025-12-06,739,,Condiments ouest africains,,https://www.tiktok.com/@seggfaye/video/7580826922502868246
166,2025-12-05,2033,produits/bouye-baobab.html,Poudre de baobab recette,,https://www.tiktok.com/@seggfaye/video/7580320780416781590
167,2025-12-02,962,produits/pack-saloum.html,Thiebou guedji ou Mbahalou Saloum packrose,,https://www.tiktok.com/@seggfaye/video/7579198875290946838
168,2025-12-02,315,produits/pack-saloum.html,Mbahalou Saloum ou Thiebou guedji packrose,,https://www.tiktok.com/@seggfaye/video/7579196644856433942
169,2025-11-29,1541,produits/beugeuc-feuille-bissap.html,Beugeuc kuccia,,https://www.tiktok.com/@seggfaye/video/7578242309028990230
170,2025-11-29,1041,,Vente en ligne produits halieutiques,,https://www.tiktok.com/@seggfaye/video/7578145218629782806
171,2025-11-29,1165,,venteenligne fruits de mer,,https://www.tiktok.com/@seggfaye/video/7578144115422956822
172,2025-11-26,1261,,Piment fort,,https://www.tiktok.com/@seggfaye/video/7576968406776253718
173,2025-11-26,927,produits/pagne.html,#pagne #mangrove,,https://www.tiktok.com/@seggfaye/video/7576948563339463958
174,2025-11-24,1757,produits/bouye-baobab.html,Poudre de baobab recette et bienfaits,,https://www.tiktok.com/@seggfaye/video/7576276802352516374
175,2025-11-24,941,produits/bissap-rouge.html,Oseille rouge ou blanc [UTILISÉ guide bissap],déjà utilisé,https://www.tiktok.com/@seggfaye/video/7576239617687522582
176,2025-11-24,1086,produits/bouye-baobab.html,poudre de baobab vitamines,,https://www.tiktok.com/@seggfaye/video/7576235178993945878
177,2025-11-18,592,produits/kongfume.html,Kong Fumée de la Gambie,fiche kongfume 13/06/2026,https://www.tiktok.com/@seggfaye/video/7573970202036145430
178,2025-11-17,693,,#cejour-là,,https://www.tiktok.com/@seggfaye/video/7573608352492571926
179,2025-11-16,683,,#cejour-là,,https://www.tiktok.com/@seggfaye/video/7573245944561437974
180,2025-11-07,748,produits/guerte-tooy.html,Peanuts arachides fraîches,,https://www.tiktok.com/@seggfaye/video/7569935777937755394
181,2025-11-07,1032,,Arachides,,https://www.tiktok.com/@seggfaye/video/7569921286118477058
182,2025-10-14,1357,,Piment très fort purée,,https://www.tiktok.com/@seggfaye/video/7560975932903738646
183,2025-10-12,15400,produits/guerte-noflay.html,"Poudre d'arachide guerte noflay GROS HIT 15,4K",fiche guerte-noflay 13/06/2026,https://www.tiktok.com/@seggfaye/video/7560260836560735510
184,2025-10-12,4322,produits/yoxos.html,"Huîtres mangroves Sénégal 4,3K",,https://www.tiktok.com/@seggfaye/video/7560255542753529090
185,2025-09-16,1128,,casamance,,https://www.tiktok.com/@seggfaye/video/7550611030272019735
186,2025-09-14,848,produits/pack-saloum.html,casamance packsaloum,,https://www.tiktok.com/@seggfaye/video/7549971333484973334
187,2025-09-13,1170,produits/pack-saloum.html,packsaloum,,https://www.tiktok.com/@seggfaye/video/7549531845457644822
188,2026-01-14,1381,,ASMR salade huile d'olive fruits de mer séchés tamarin,,https://www.tiktok.com/@seggfaye/video/7595137918264446230
189,2025-12-13,422,,Cocktail mythique sénégalais humour,,https://www.tiktok.com/@seggfaye/video/7583310845707422998
190,2025-12-08,1134,,Condiments cuisine ouest africaine,,https://www.tiktok.com/@seggfaye/video/7581386044268940566
191,2025-10-31,963,,Grand-mère famille,,https://www.tiktok.com/@seggfaye/video/7567495688624573718
192,2025-07-22,4193,produits/netetu-poudre.html,"#casamance #netetumix 4,2K",,https://www.tiktok.com/@seggfaye/video/7529858905942314262
193,2025-07-11,1854,,#mad casamance,,https://www.tiktok.com/@seggfaye/video/7525726872743841046
194,2025-07-06,1971,,#cejour-là,,https://www.tiktok.com/@seggfaye/video/7523902628326067478
195,2025-07-04,1254,,#cejour-là,,https://www.tiktok.com/@seggfaye/video/7523107350530690327
196,2025-07-01,1818,produits/crevettes-sechees.html,#shrimp #packsaloum,,https://www.tiktok.com/@seggfaye/video/7522044216340434198
197,2025-11-14,1446,,Yaye boy mum maman,,https://www.tiktok.com/@seggfaye/video/7572684455303859478
198,2026-01-21,1385,,Recette Mbakalou Saloum [UTILISÉ blog mbakhalou],déjà utilisé,https://www.tiktok.com/@seggfaye/video/7597765654997159190
199,2026-01-21,2644,,SALADE DAKKAR vinaigrette NDIAMBANE,,https://www.tiktok.com/@seggfaye/video/7597728142102433046
200,2026-01-22,2754,,Nome delle pasta humour,,https://www.tiktok.com/@seggfaye/video/7598165622458961174
201,2026-02-02,,,Condiment ailes de requin ou raies,,https://www.tiktok.com/@seggfaye/video/7602232516879191318
202,2026-02-01,606,,Milliards de vues Smoothie mangue,,https://www.tiktok.com/@seggfaye/video/7601848111312456982
203,2026-01-30,2190,produits/ciakri.html,Tigadegue pâte d'arachide,,https://www.tiktok.com/@seggfaye/video/7601046605902466326
204,2026-01-29,,,Fruit exotique méconnu riche en fibres vitamine C,,https://www.tiktok.com/@seggfaye/video/7600666685686680854
205,2026-01-28,712,,Fruit exotique jus système immunitaire,,https://www.tiktok.com/@seggfaye/video/7600372811944791318
206,2026-01-28,,,Créer mon plat favori en Europe manque du pays fruits de mer,,https://www.tiktok.com/@seggfaye/video/7600334889849769219
207,2026-01-28,808,produits/bouye-baobab.html,Poudre de baobab bouye,,https://www.tiktok.com/@seggfaye/video/7600330247619366166
208,2026-01-27,653,produits/yeet-maggi.html,#yeet #guedj,,https://www.tiktok.com/@seggfaye/video/7600010782885072150
209,2026-01-27,899,produits/yeet-maggi.html,Donnez un plat panier sauce riz Yett cymbium guedj,,https://www.tiktok.com/@seggfaye/video/7599998785711836438
210,2026-01-27,666,,Donnez plat avec tout le panier,,https://www.tiktok.com/@seggfaye/video/7599993249482231062
211,2026-01-27,257,produits/yeet-maggi.html,Dance Serene L'envol Nocturne des Guedj et Yett,,https://www.tiktok.com/@seggfaye/video/7599970188510924054
212,2026-01-27,454,,Serene background La Dance Guedj,,https://www.tiktok.com/@seggfaye/video/7599965572587162902
213,2026-01-27,,produits/yeet-maggi.html,Yett sec du Sénégal cymbium séché yeet maggi,,https://www.tiktok.com/@seggfaye/video/7599963538249092374
214,2026-01-26,765,,Maad,,https://www.tiktok.com/@seggfaye/video/7599634126353730838
215,2026-01-26,1090,produits/yeet-maggi.html,Yett ou cymbium condiment pour les sauces,,https://www.tiktok.com/@seggfaye/video/7599593225644477718
216,2026-01-26,,,Riz blanc fruits de mer séchés recette rapide,,https://www.tiktok.com/@seggfaye/video/7599567057625058582
217,2026-01-25,1413,produits/crevettes-sechees.html,Poudre crevette séchée chez soi,,https://www.tiktok.com/@seggfaye/video/7599308847001488662
218,2026-01-25,695,,duo #maad,,https://www.tiktok.com/@seggfaye/video/7599279578833505558
219,2026-01-25,3837,,"SOMBI GUERTÉ petit déjeuner famille 3,8K",,https://www.tiktok.com/@seggfaye/video/7599205992139689238
220,2026-01-24,537,,Maad campfirefood,,https://www.tiktok.com/@seggfaye/video/7599005919799692566
221,2026-01-24,537,,Trend Les appels du bled,,https://www.tiktok.com/@seggfaye/video/7598956043414031638
222,2026-01-30,2603,,DITAKH jus naturel couleur verte,,https://www.tiktok.com/@seggfaye/video/7601092746652241174
223,2026-02-02,756,produits/pagne.html,Coque séchée pagne umami,,https://www.tiktok.com/@seggfaye/video/7602238986949594390
224,2026-02-01,569,produits/bissap-rouge.html,Hibiscus rouge et blanc,,https://www.tiktok.com/@seggfaye/video/7601942524063681814
225,2026-02-04,,produits/ciakri.html,Dégué thiacky dessert Ngalakh,,https://www.tiktok.com/@seggfaye/video/7602976877027904790
226,2026-02-04,790,produits/guej-toumboulan.html,Guedji toumboulan,,https://www.tiktok.com/@seggfaye/video/7603009041056517398
227,2026-02-12,,produits/ciakri.html,Dégué Côte d'Ivoire THIACKRY Sénégal,,https://www.tiktok.com/@seggfaye/video/7605934943411113238
228,2026-02-13,,produits/yoxos.html,Culture huîtres Yokhos sauvages mangroves Îles du Saloum,fiche yoxos 13/06/2026,https://www.tiktok.com/@seggfaye/video/7606281498404113686
229,2026-02-13,528,produits/arraw-dugup.html,ARRAW DUGGUP farine de mil,,https://www.tiktok.com/@seggfaye/video/7606318919284100374
230,2026-02-13,719,produits/sankal-duggup.html,Sankal brisure de mil,,https://www.tiktok.com/@seggfaye/video/7606329360915696918
231,2026-02-14,1192,produits/yeet-maggi.html,Yett maggi,,https://www.tiktok.com/@seggfaye/video/7606694566015651094
232,2026-02-14,786,produits/guej-yass.html,Guej Yass prince des Guedj sans sel,,https://www.tiktok.com/@seggfaye/video/7606696062845193494
233,2026-02-14,637,,Fusion Maad & fruit de la passion,,https://www.tiktok.com/@seggfaye/video/7606809371082837270
234,2026-02-14,443,,Maad & Passion,,https://www.tiktok.com/@seggfaye/video/7606812148521536790
235,2026-02-15,,,50 millions de vues recette simple,,https://www.tiktok.com/@seggfaye/video/7607008724657671446
236,2026-02-15,,categories/poissons-frais.html,Poisson frais du Sénégal pour Thieb sauce friture,,https://www.tiktok.com/@seggfaye/video/7607143103652252950
237,2026-02-15,,produits/crevettes-sechees.html,Savez-vous utiliser les crevettes séchées,,https://www.tiktok.com/@seggfaye/video/7607179403717545238
238,2026-02-19,,,Queues de homard fondantes,,https://www.tiktok.com/@seggfaye/video/7608453559557852418
239,2026-02-19,,,Le NOKKOS secret cuisine sénégalaise mortier,,https://www.tiktok.com/@seggfaye/video/7608440659325766934
240,2026-02-18,527,,Poisson haute qualité Thiebou Dieune friture C'Bon,,https://www.tiktok.com/@seggfaye/video/7608245188649094422
241,2026-02-18,,,Pain Thon recette populaire fait maison,,https://www.tiktok.com/@seggfaye/video/7608186683464355094
242,2026-02-18,888,,Humour verbe courir en marchant,,https://www.tiktok.com/@seggfaye/video/7608143536680373527
243,2026-02-17,496,produits/guej-toumboulan.html,TOUMBOULANE,,https://www.tiktok.com/@seggfaye/video/7607844646659689750
244,2026-02-16,490,produits/yeet-maggi.html,Yett débarqué des pirogues,,https://www.tiktok.com/@seggfaye/video/7607398428313849111
245,2026-02-20,625,,Plateau plat du jour,,https://www.tiktok.com/@seggfaye/video/7608834431415094550
246,2026-02-21,,,Secret du vrai Pain Thon sénégalais,,https://www.tiktok.com/@seggfaye/video/7609360916420840726
247,2026-02-22,443,,Easy Homemade Food Tricks,,https://www.tiktok.com/@seggfaye/video/7609723709720513814
248,2026-02-22,2266,categories/poissons-frais.html,Somptueux SOMPATES niari thine,,https://www.tiktok.com/@seggfaye/video/7609714495597989142
249,2026-03-29,498,,Dis-moi son nom commentaires,,https://www.tiktok.com/@seggfaye/video/7622677001094122774
250,2026-03-30,1245,,Maad régal des rues de Dakar,,https://www.tiktok.com/@seggfaye/video/7623072349121760534
251,2026-03-30,5075,,Ngalakh symbole de partage entre religions 5K,,https://www.tiktok.com/@seggfaye/video/7623074050574748950
252,2026-04-03,558,produits/guej-beurre.html,Guedji beurre réponse à Zey,,https://www.tiktok.com/@seggfaye/video/7624420258467581206
253,2026-04-07,462,,Team Bouillons vs team Guedji,,https://www.tiktok.com/@seggfaye/video/7625901640503135510
254,2026-04-09,,produits/yeet-maggi.html,YEET frais vs séché deux textures,,https://www.tiktok.com/@seggfaye/video/7626810464328174851
255,2026-04-11,910,produits/ciakri.html,ThiakryOriental mélange orient-afrique,,https://www.tiktok.com/@seggfaye/video/7627403424845483267
256,2026-04-11,993,produits/bouye-baobab.html,BAOBAB VS DIOR huile de la discorde,,https://www.tiktok.com/@seggfaye/video/7627562775467986199
257,2026-04-17,1150,,Véritable Niankatang Diola rapidité goût unique,,https://www.tiktok.com/@seggfaye/video/7629761718721203478
258,2026-04-16,1134,,Le temps Maad est arrivé,,https://www.tiktok.com/@seggfaye/video/7629326544888024342
259,2026-04-16,882,,À vos Ngalakh,,https://www.tiktok.com/@seggfaye/video/7629271098734955798
260,2026-04-16,17200,,"Cerises acides souvenir d'enfance GROS HIT 17,2K","SAISONNIER - cerises acides, pas dispo",https://www.tiktok.com/@seggfaye/video/7629262591742741782
261,2026-04-22,,produits/crevettes-sechees.html,Crevettes du Saloum que ta mère mettait dans tout,,https://www.tiktok.com/@seggfaye/video/7631695777743637782
262,2026-05-07,757,produits/kongfume.html,guedj-kong : monsieur a reçu colis par erreur,,https://www.tiktok.com/@seggfaye/video/7637107441523592470
263,2026-05-07,,produits/kongfume.html,guedj-kong2 répondez à ce français,,https://www.tiktok.com/@seggfaye/video/7637111045252730134
264,2026-05-19,,produits/yeet-maggi.html,etape-coque touffa yokhos pagne cipakh crevettes huîtres cymbium,,https://www.tiktok.com/@seggfaye/video/7641550421563100438
265,2026-05-20,,produits/pagne.html,pagne-dionware étapes préparation des coques,,https://www.tiktok.com/@seggfaye/video/7641898282586787094
266,2026-05-21,,produits/netetu-poudre.html,Arrête les cubes netetou soumbara grands-mères [UTILISÉ ?],déjà utilisé,https://www.tiktok.com/@seggfaye/video/7642353328105606422
267,2026-06-05,,produits/bouye-baobab.html,Huile de baobab réparatrice confisquée par les grandes marques,,https://www.tiktok.com/@seggfaye/video/7647830427071253782
